Workbook

Sheet Synthèse
A1: LISTE D'ATTENTE — ÉCOLE DE TENNIS
A2: Cycle de cours 2026 - 2027
A4: Comment utiliser ce classeur
A5: • Un onglet par tranche d'âge. Chaque liste est déjà triée par date de demande : les premiers arrivés en haut.
A6: • Colonne « Statut » : menu déroulant (En attente / Contacté / Inscrit / Désisté / Sans réponse). Les lignes se colorent automatiquement.
A7: • Colonne « Notes de suivi » : libre, pour vos annotations au fil des appels.
A8: • Les filtres sont actifs sur chaque onglet : cliquez sur une flèche d'en-tête pour trier ou filtrer (par niveau, par statut…).
A9: • Date de demande vide = demande non datée sur la feuille manuscrite (voir la colonne Remarques).
A10: • L'âge indiqué est l'âge atteint en 2026 (2026 − année de naissance), pour correspondre au cycle 2026-2027.
A11: • Les noms suivis de « (?) » sont difficilement lisibles sur les feuilles : à vérifier avant tout contact.
A12: • Les compteurs ci-dessous se recalculent tout seuls quand vous modifiez les onglets.
A14: Synthèse par tranche d'âge
A15: Tranche d'âge | B15: Total | C15: En attente | D15: Contacté | E15: Inscrit | F15: Désisté | G15: Sans réponse
A16: ADULTES | B16: =COUNTA('Adultes'!$B$4:$B$71) | C16: =COUNTIF('Adultes'!$H$4:$H$71,"En attente") | D16: =COUNTIF('Adultes'!$H$4:$H$71,"Contacté") | E16: =COUNTIF('Adultes'!$H$4:$H$71,"Inscrit") | F16: =COUNTIF('Adultes'!$H$4:$H$71,"Désisté") | G16: =COUNTIF('Adultes'!$H$4:$H$71,"Sans réponse")
A17: ENFANTS 3 à 7 ans | B17: =COUNTA('3-7 ans'!$B$4:$B$60) | C17: =COUNTIF('3-7 ans'!$H$4:$H$60,"En attente") | D17: =COUNTIF('3-7 ans'!$H$4:$H$60,"Contacté") | E17: =COUNTIF('3-7 ans'!$H$4:$H$60,"Inscrit") | F17: =COUNTIF('3-7 ans'!$H$4:$H$60,"Désisté") | G17: =COUNTIF('3-7 ans'!$H$4:$H$60,"Sans réponse")
A18: ENFANTS 8 à 9 ans | B18: =COUNTA('8-9 ans'!$B$4:$B$49) | C18: =COUNTIF('8-9 ans'!$H$4:$H$49,"En attente") | D18: =COUNTIF('8-9 ans'!$H$4:$H$49,"Contacté") | E18: =COUNTIF('8-9 ans'!$H$4:$H$49,"Inscrit") | F18: =COUNTIF('8-9 ans'!$H$4:$H$49,"Désisté") | G18: =COUNTIF('8-9 ans'!$H$4:$H$49,"Sans réponse")
A19: ENFANTS 10 à 12 ans | B19: =COUNTA('10-12 ans'!$B$4:$B$56) | C19: =COUNTIF('10-12 ans'!$H$4:$H$56,"En attente") | D19: =COUNTIF('10-12 ans'!$H$4:$H$56,"Contacté") | E19: =COUNTIF('10-12 ans'!$H$4:$H$56,"Inscrit") | F19: =COUNTIF('10-12 ans'!$H$4:$H$56,"Désisté") | G19: =COUNTIF('10-12 ans'!$H$4:$H$56,"Sans réponse")
A20: JEUNES 13 à 14 ans | B20: =COUNTA('13-14 ans'!$B$4:$B$47) | C20: =COUNTIF('13-14 ans'!$H$4:$H$47,"En attente") | D20: =COUNTIF('13-14 ans'!$H$4:$H$47,"Contacté") | E20: =COUNTIF('13-14 ans'!$H$4:$H$47,"Inscrit") | F20: =COUNTIF('13-14 ans'!$H$4:$H$47,"Désisté") | G20: =COUNTIF('13-14 ans'!$H$4:$H$47,"Sans réponse")
A21: JEUNES 15 à 16 ans | B21: =COUNTA('15-16 ans'!$B$4:$B$48) | C21: =COUNTIF('15-16 ans'!$H$4:$H$48,"En attente") | D21: =COUNTIF('15-16 ans'!$H$4:$H$48,"Contacté") | E21: =COUNTIF('15-16 ans'!$H$4:$H$48,"Inscrit") | F21: =COUNTIF('15-16 ans'!$H$4:$H$48,"Désisté") | G21: =COUNTIF('15-16 ans'!$H$4:$H$48,"Sans réponse")
A22: JEUNES 17 à 18 ans | B22: =COUNTA('17-18 ans'!$B$4:$B$44) | C22: =COUNTIF('17-18 ans'!$H$4:$H$44,"En attente") | D22: =COUNTIF('17-18 ans'!$H$4:$H$44,"Contacté") | E22: =COUNTIF('17-18 ans'!$H$4:$H$44,"Inscrit") | F22: =COUNTIF('17-18 ans'!$H$4:$H$44,"Désisté") | G22: =COUNTIF('17-18 ans'!$H$4:$H$44,"Sans réponse")
A23: ÂGE À PRÉCISER | B23: =COUNTA('Age a preciser'!$B$4:$B$50) | C23: =COUNTIF('Age a preciser'!$H$4:$H$50,"En attente") | D23: =COUNTIF('Age a preciser'!$H$4:$H$50,"Contacté") | E23: =COUNTIF('Age a preciser'!$H$4:$H$50,"Inscrit") | F23: =COUNTIF('Age a preciser'!$H$4:$H$50,"Désisté") | G23: =COUNTIF('Age a preciser'!$H$4:$H$50,"Sans réponse")
A24: TOTAL | B24: =SUM(B16:B23) | C24: =SUM(C16:C23) | D24: =SUM(D16:D23) | E24: =SUM(E16:E23) | F24: =SUM(F16:F23) | G24: =SUM(G16:G23)

Sheet Adultes
A1: Liste d'attente — ADULTES
A2: Cycle 2026-2027 — 28 demande(s) — classées par date de demande
A3: N° | B3: Nom | C3: Âge / naissance | D3: Disponibilités | E3: Niveau | F3: Date demande | G3: Remarques | H3: Statut | I3: Notes de suivi
A4: 1 | B4: DEGIMBE Jeanne | C4: Adulte | E4: Débutante | F4: 46171 | G4: 0470 25 49 25 — jeanne.degimbe@hotmail.be | H4: En attente
A5: 2 | B5: GOSSET Tesse | C5: Adulte | E5: Débutante | F5: 46171 | G5: 0485 28 48 83 — tess.gosset@outlook.be | H5: En attente
A6: 3 | B6: ALISHEVA Aynur | C6: Adulte | D6: De préférence le mercredi | E6: Débutante | F6: 46171 | G6: 0489 41 81 79 — aynuralisheva@gmail.com | H6: En attente
A7: 4 | B7: BORCHARDT Marine | C7: Adulte | D7: Lundi, mardi, mercredi après 20h | E7: C30.5 | F7: 46195 | H7: En attente
A8: 5 | B8: BILK Karin | C8: Adulte | D8: Tous les soirs, de préf. mercredi ou jeudi | E8: Non précisé | F8: 46209 | H8: En attente
A9: 6 | B9: FONTARA Alessandro | C9: Adulte | D9: Du lundi au jeudi, en soirée | E9: Intermédiaire | F9: 46223 | H9: En attente
A10: 7 | B10: LE RAY Camille | C10: Adulte | D10: Soirées après 19h | E10: Intermédiaire | F10: 46223 | H10: En attente
A11: 8 | B11: SIMROUET Florine (?) | C11: Adulte | D11: Après 17h30 | E11: 1 an de tennis | F11: 46224 | G11: Nom de famille à confirmer | H11: En attente
A12: 9 | B12: LOPIAN Arthur (+ 1 ami) | C12: Adulte | D12: Lundi soir | E12: Non précisé | F12: 46226 | G12: 2 personnes | H12: En attente
A13: 10 | B13: KHENNOUS Halina | C13: Adulte | D13: En soirée | E13: Non précisé | F13: 46226 | H13: En attente
A14: 11 | B14: COLLIENNE Nora | C14: Adulte | D14: En semaine, en soirée | E14: Intermédiaire | F14: 46231 | H14: En attente
A15: 12 | B15: VYTTERS Clémence (?) | C15: Adulte | D15: En soirée ou le week-end | E15: Intermédiaire | F15: 46241 | H15: En attente
A16: 13 | B16: EMISON Béatrice (?) | C16: Adulte | E16: Intermédiaire | F16: 46254 | G16: Ancienne joueuse « carpet » | H16: En attente
A17: 14 | B17: B'JAGOU Safae (?) | C17: Adulte | D17: En soirée | E17: Intermédiaire | F17: 46255 | H17: En attente
A18: 15 | B18: BAILLEUL Marc | C18: 49 ans | D18: Après 17h | E18: Non précisé | F18: 46259 | H18: En attente
A19: 16 | B19: DEBATIS Alice | C19: Adulte | D19: Vendredi midi | E19: Débutante | F19: 46265 | H19: En attente
A20: 17 | B20: LAMBRECHT Thibaut | C20: Adulte | D20: En soirée | E20: Intermédiaire | F20: 46265 | H20: En attente
A21: 18 | B21: STANENCIC Zoran | C21: Adulte | D21: Mardi ou mercredi après 20h | E21: À préciser | F21: 46266 | H21: En attente
A22: 19 | B22: SACILOTTO Delvina | C22: Adulte | D22: En soirée | E22: Débutante | F22: 46266 | H22: En attente
A23: 20 | B23: LEGEIN Emma | C23: Adulte | D23: En soirée | E23: Intermédiaire | F23: 46266 | H23: En attente
A24: 21 | B24: MARTINEZ Alicia | C24: Adulte | D24: Lundi, mardi, mercredi après 19h | E24: Non précisé | G24: Feuille non datée | H24: En attente
A25: 22 | B25: JUSSENS Dario | C25: Adulte | D25: En soirée | E25: Intermédiaire + | G25: Ami(e) de Lisa Laumen — feuille non datée | H25: En attente
A26: 23 | B26: KOBISZAK (?) | C26: Adulte | D26: Plus tôt ou en soirée, sauf vendredi | E26: Non précisé | G26: Souhaite changer du lundi 21h — feuille non datée | H26: En attente
A27: 24 | B27: SHERVASHIDZE Ana | C27: Adulte | D27: Après 19h | E27: Débutante | G27: Feuille non datée | H27: En attente
A28: 25 | B28: LAUMEN Lisa | C28: Adulte | D28: En soirée | E28: Intermédiaire + | G28: Avec Dario Jussens — feuille non datée | H28: En attente
A29: 26 | B29: REIVELLE Filippo | C29: Adulte | D29: En soirée ou le samedi | E29: Non précisé | G29: Demande un 2e cours — feuille non datée | H29: En attente
A30: 27 | B30: SAGN… Eero (?) | C30: Adulte | D30: En soirée ou le samedi | E30: 1 an de tennis | G30: Nom de famille illisible — feuille non datée | H30: En attente
A31: 28 | B31: LE RAVIE Alexia (?) | C31: Adulte | D31: Lundi ou mardi soir | E31: Non précisé | G31: Feuille non datée | H31: En attente

Sheet 3-7 ans
A1: Liste d'attente — ENFANTS 3 à 7 ans
A2: Cycle 2026-2027 — 17 demande(s) — classées par date de demande
A3: N° | B3: Nom | C3: Âge / naissance | D3: Disponibilités | E3: Niveau | F3: Date demande | G3: Remarques | H3: Statut | I3: Notes de suivi
A4: 1 | B4: BEN SALLAH Ilian | C4: 2022 — 4 ans | E4: Bleu / Rouge | F4: 46220 | H4: En attente
A5: 2 | B5: DOGAN Selin | C5: 2020 — 6 ans | E5: Rouge | F5: 46223 | H5: En attente
A6: 3 | B6: FLORENT THYS (?) | C6: 4 ans | E6: Non précisé | F6: 46223 | G6: Prénom/nom à confirmer | H6: En attente
A7: 4 | B7: LIETZ Laura | C7: 4,5 ans | E7: Non précisé | F7: 46235 | H7: En attente
A8: 5 | B8: TISAUN Alec | C8: 4 ans | D8: Mercredi | E8: Non précisé | F8: 46242 | H8: En attente
A9: 6 | B9: BOUKHENNOU Noam | C9: 4 ans | E9: Non précisé | F9: 46244 | H9: En attente
A10: 7 | B10: CARBIER Marius & Louison | C10: 3,5 ans | E10: Non précisé | F10: 46247 | G10: 2 enfants (fratrie) | H10: En attente
A11: 8 | B11: PIREMAN Zoé | C11: 7,5 ans | D11: Après 16h ; mer. avant 16h ; sam. avant 11h30 ou après 13h30 | E11: Débutante + | F11: 46255 | H11: En attente
A12: 9 | B12: CHAFAOUI Noké (?) | C12: 5 ans | D12: Mercredi 15h | E12: Non précisé | F12: 46255 | H12: En attente
A13: 10 | B13: ALPER Ishmael | C13: 2020 — 6 ans | D13: Lundi 16h30 ou samedi 10h | E13: Non précisé | F13: 46255 | H13: En attente
A14: 11 | B14: BAJIC Milena | C14: 24/04/2022 — 4 ans | E14: Débutante | F14: 46259 | G14: 0493 88 37 31 — milenabajic24@gmail.com | H14: En attente
A15: 12 | B15: LUYS Richard | C15: 4 ans | E15: Non précisé | F15: 46261 | H15: En attente
A16: 13 | B16: GOUROVA Daria | C16: 3 ans | E16: Non précisé | F16: 46265 | G16: « Une seule place » demandée | H16: En attente
A17: 14 | B17: MISHA (Arish Khan) | C17: 2022 — 4 ans | E17: Non précisé | F17: 46266 | H17: En attente
A18: 15 | B18: MICHELOTTO MARTINS Maria Rafaella | C18: 16/10/2019 — 7 ans | E18: Orange | G18: 0493 18 58 91 — feuille non datée | H18: En attente
A19: 16 | B19: BA Olivia | C19: 2019 — 7 ans | D19: Samedi matin | E19: Non précisé | G19: Avec Alpha BA (fratrie) — non datée | H19: En attente
A20: 17 | B20: BA Alpha | C20: 2021 — 5 ans | D20: Samedi matin | E20: Non précisé | G20: Avec Olivia BA (fratrie) — non datée | H20: En attente

Sheet 8-9 ans
A1: Liste d'attente — ENFANTS 8 à 9 ans
A2: Cycle 2026-2027 — 6 demande(s) — classées par date de demande
A3: N° | B3: Nom | C3: Âge / naissance | D3: Disponibilités | E3: Niveau | F3: Date demande | G3: Remarques | H3: Statut | I3: Notes de suivi
A4: 1 | B4: VANHIE Maxence | C4: 02/03/2018 — 8 ans | E4: Orange débutant | F4: 46197 | H4: En attente
A5: 2 | B5: DEVRIM Deniz | C5: 8 ans | E5: Débutant | F5: 46211 | H5: En attente
A6: 3 | B6: DURANT Ariane | C6: 2017 — 9 ans | D6: Mercredi après-midi après 14h (pas 12h30) | E6: Orange | F6: 46218 | G6: Notée 2× sur la feuille (15/07 et 17/07) | H6: En attente
A7: 4 | B7: CAMES Nassim | C7: 9 ans | D7: Jeudi | E7: Non précisé | F7: 46241 | H7: En attente
A8: 5 | B8: STEFANESCU Olivia | C8: 8,5 ans | E8: Orange / Vert | F8: 46256 | G8: Déjà inscrite les années précédentes | H8: En attente
A9: 6 | B9: DE RIBEAUCOURT Juan | C9: 9 ans | E9: 5 ans de tennis | F9: 46261 | H9: En attente

Sheet 10-12 ans
A1: Liste d'attente — ENFANTS 10 à 12 ans
A2: Cycle 2026-2027 — 13 demande(s) — classées par date de demande
A3: N° | B3: Nom | C3: Âge / naissance | D3: Disponibilités | E3: Niveau | F3: Date demande | G3: Remarques | H3: Statut | I3: Notes de suivi
A4: 1 | B4: WINKEL Roméo | C4: 25/12/2016 — 10 ans | D4: Après 17h — pas le mercredi 12h30 | E4: Vert (stage débutant) | F4: 46168 | G4: 0494 58 80 45 — winkeljulien@yahoo.fr | H4: En attente
A5: 2 | B5: MILO (Esther Bollendorff) | C5: 2015 — 11 ans | D5: Mardi après 17h ; mercredi 14h30-18h ; vendredi après 17h | E5: Débutant | F5: 46197 | H5: En attente
A6: 3 | B6: PERCEVAL Marion | C6: 11 ans | D6: Samedi après-midi | E6: 1 an de tennis | F6: 46205 | H6: En attente
A7: 4 | B7: RONDOT Georges | C7: 16/04/2015 — 11 ans | D7: Lundi, jeudi, vendredi | E7: Jaune — 2 ans de tennis | F7: 46208 | G7: 0486 78 67 78 — fratrie Rondot | H7: En attente
A8: 5 | B8: « VIJEH ZELLY » (?) | C8: 9-10 ans (fille) | E8: Vert — 4 ans de tennis | F8: 46208 | G8: Nom illisible ; âge à confirmer | H8: En attente
A9: 6 | B9: AUZOUY Lucas | C9: 11 ans | D9: Mercredi | E9: Non précisé | F9: 46220 | H9: En attente
A10: 7 | B10: GABRIEL | C10: 10 ans | D10: Flexible | E10: Vert débutant | F10: 46220 | G10: Nom de famille manquant | H10: En attente
A11: 8 | B11: DIGANTH (?) | C11: 10 ans | D11: Groupe du samedi 17h30 | E11: Non précisé | F11: 46259 | H11: En attente
A12: 9 | B12: BEKASIAK Albert | C12: 2016 — 10 ans | E12: Non précisé | F12: 46261 | H12: En attente
A13: 10 | B13: RONDOT Sybille | C13: 05/07/2016 — 10 ans | E13: Vert — 2 ans de tennis | G13: Fratrie Rondot — feuille non datée | H13: En attente
A14: 11 | B14: BENSHA Ozan (?) | C14: 2014 — 12 ans | D14: Mercredi | E14: Jaune | G14: Prénom à confirmer — feuille non datée | H14: En attente
A15: 12 | B15: GUTTIEREZ Diego | C15: 01/08/2014 — 12 ans | D15: Tous les jours sauf le samedi | E15: Jaune — 6 ans de tennis | G15: À inscrire ENSEMBLE avec Adrien Schopp — non datée | H15: En attente
A16: 13 | B16: Sœur d'Elena DELCARNE | C16: 12 ans | E16: Jaune débutante | G16: Prénom à obtenir — feuille non datée | H16: En attente

Sheet 13-14 ans
A1: Liste d'attente — JEUNES 13 à 14 ans
A2: Cycle 2026-2027 — 4 demande(s) — classées par date de demande
A3: N° | B3: Nom | C3: Âge / naissance | D3: Disponibilités | E3: Niveau | F3: Date demande | G3: Remarques | H3: Statut | I3: Notes de suivi
A4: 1 | B4: CARIAUX Brice | C4: 2012 — 14 ans | D4: 2 × 1h / semaine | E4: Pas débutant — balles jaunes, 2 ans | F4: 46172 | G4: 0471 25 39 60 / papa 0471 25 14 53 — réf. Thomas Wagner | H4: En attente
A5: 2 | B5: MENEROUD Nathaniel | C5: 13 ans | E5: Débutant + | F5: 46231 | H5: En attente
A6: 3 | B6: BLAKAJ Alisa | C6: 03/02/2012 — 14 ans | E6: Jaune — débutante | G6: 0486 16 85 34 — feuille non datée | H6: En attente
A7: 4 | B7: LATTEUR Paula | C7: 2012 — 14 ans | D7: 2 × 1h30 | E7: Carpet | G7: Feuille non datée | H7: En attente

Sheet 15-16 ans
A1: Liste d'attente — JEUNES 15 à 16 ans
A2: Cycle 2026-2027 — 5 demande(s) — classées par date de demande
A3: N° | B3: Nom | C3: Âge / naissance | D3: Disponibilités | E3: Niveau | F3: Date demande | G3: Remarques | H3: Statut | I3: Notes de suivi
A4: 1 | B4: ZOFFOLI (fils de Fanny) | C4: 15 ans | E4: 8 ans de tennis | F4: 46205 | G4: Doublon possible avec Flavio Zoffoli — à vérifier | H4: En attente
A5: 2 | B5: RONDOT Loïs-Théophile | C5: 12/04/2011 — 15 ans | D5: Lundi, mardi, jeudi soir | E5: Jaune — 2 ans de tennis | F5: 46208 | G5: 0486 78 67 78 — fratrie Rondot | H5: En attente
A6: 3 | B6: ZOFFOLI Flavio | C6: 15 ans | D6: Tous les jours après 17h + week-end | E6: 7 ans de tennis | F6: 46208 | G6: Doublon possible avec la ligne du 02/07 — à vérifier | H6: En attente
A7: 4 | B7: BAILLY (fille de Deborah) | C7: 2010 — 16 ans | D7: Après 17h30 + samedi | E7: Non précisé | F7: 46265 | G7: Prénom de l'enfant à obtenir | H7: En attente
A8: 5 | B8: DE LEVAL Leia | C8: 2011 — 15 ans | E8: Débutante ++ | F8: 46265 | H8: En attente

Sheet 17-18 ans
A1: Liste d'attente — JEUNES 17 à 18 ans
A2: Cycle 2026-2027 — 1 demande(s) — classées par date de demande
A3: N° | B3: Nom | C3: Âge / naissance | D3: Disponibilités | E3: Niveau | F3: Date demande | G3: Remarques | H3: Statut | I3: Notes de suivi
A4: 1 | B4: BOETTER Viktor (?) | C4: 17 ans | D4: Pas le samedi | E4: Jaune | G4: Nom de famille à confirmer — feuille non datée | H4: En attente

Sheet Age a preciser
A1: Liste d'attente — ÂGE À PRÉCISER
A2: Cycle 2026-2027 — 7 demande(s) — classées par date de demande
A3: N° | B3: Nom | C3: Âge / naissance | D3: Disponibilités | E3: Niveau | F3: Date demande | G3: Remarques | H3: Statut | I3: Notes de suivi
A4: 1 | B4: DEGESELLE Alban | C4: Âge inconnu | E4: Bon joueur → Carpet | F4: 46240 | G4: Âge à demander | H4: En attente
A5: 2 | B5: PARIS (2 frères) | C5: Âge inconnu | D5: Pas le samedi | E5: Jaune | G5: 2 enfants — âges à demander | H5: En attente
A6: 3 | B6: NIEUWENHUYS Junie | C6: Âge inconnu | D6: Lun., mar., jeu. après 17h ; mer. après 15h | E6: Jaune | G6: Feuille non datée | H6: En attente
A7: 4 | B7: VIGNO Sohane | C7: Âge inconnu | D7: Samedi | E7: Vert (balles vertes) | G7: Feuille non datée | H7: En attente
A8: 5 | B8: SCHOPP Adrien | C8: Âge inconnu | D8: Tous les jours sauf le samedi | E8: Jaune | G8: À inscrire ENSEMBLE avec Diego Guttierez | H8: En attente
A9: 6 | B9: DE COSTER Théo (fils de Gilles) | C9: Âge inconnu | E9: Jaune — « 13.2 / League Cup » | G9: Mention « 13.2 » à clarifier | H9: En attente
A10: 7 | B10: Cousine d'Alma KUKULIS | C10: Âge inconnu | E10: Vert | G10: À ajouter aux 2 cours d'Alma — nom à obtenir | H10: En attente
