Workbook

Sheet Remplacements
D1: REMPLACEMENTS — Saison 2026-2027
D2: C’est le REMPLAÇANT qui encode sa ligne, le jour même.
D3: Pas de ligne ici = heure non payée. La colonne « Mois » se remplit toute seule.
A5: Date du cours | B5: Heure | C5: Durée (h) | D5: Moniteur remplacé | E5: Moniteur remplaçant | F5: Motif | G5: Mois | H5: Vérifié / payé
G6: =IF($A6="","",INDEX(Listes!$C$2:$C$13,MONTH($A6)))
G7: =IF($A7="","",INDEX(Listes!$C$2:$C$13,MONTH($A7)))
G8: =IF($A8="","",INDEX(Listes!$C$2:$C$13,MONTH($A8)))
G9: =IF($A9="","",INDEX(Listes!$C$2:$C$13,MONTH($A9)))
G10: =IF($A10="","",INDEX(Listes!$C$2:$C$13,MONTH($A10)))
G11: =IF($A11="","",INDEX(Listes!$C$2:$C$13,MONTH($A11)))
G12: =IF($A12="","",INDEX(Listes!$C$2:$C$13,MONTH($A12)))
G13: =IF($A13="","",INDEX(Listes!$C$2:$C$13,MONTH($A13)))
G14: =IF($A14="","",INDEX(Listes!$C$2:$C$13,MONTH($A14)))
G15: =IF($A15="","",INDEX(Listes!$C$2:$C$13,MONTH($A15)))
G16: =IF($A16="","",INDEX(Listes!$C$2:$C$13,MONTH($A16)))
G17: =IF($A17="","",INDEX(Listes!$C$2:$C$13,MONTH($A17)))
... G255: =IF($A255="","",INDEX(Listes!$C$2:$C$13,MONTH($A255)))

Sheet Mode d’emploi
A1: MODE D’EMPLOI
B3: Qui encode ?
B4: Le moniteur qui REMPLACE, jamais celui qui est remplacé. C’est vous qui serez payé pour cette heure, c’est donc vous qui la déclarez.
B5: Le jour même, pas en fin de mois.
B6: Comment ?
B7: Une ligne par heure remplacée, dans l’onglet « Remplacements ». Les colonnes sur fond crème sont à compléter ; celles sur fond bleu se calculent seules ou sont réservées à l’école (« Vérifié / payé » est cochée par l’école au contrôle du mois).
B8: Les colonnes Moniteur et Motif se choisissent dans un menu déroulant. La colonne « Mois » se déduit automatiquement de la date.
B9: Exemple
B10: 12/11/2026 · 17h-18h · 1,00 · remplacé : Taha · remplaçant : Yassine · Vacances
B11: Et sur la facture ?
B12: Le remplaçant ajoute l’heure sur sa facture mensuelle, avec le nom du moniteur remplacé dans la colonne prévue.
B13: Le moniteur remplacé ne facture pas cette heure.
B14: La règle
... B18: Les moniteurs de la saison s’ajoutent dans l’onglet « Listes ».

Sheet Récapitulatif
A1: CONTRÔLE MENSUEL
A3: Mois à vérifier : | B3: Novembre | C3: Choisissez le mois : le tableau se met à jour.
A5: Moniteur | B5: Heures effectuées en remplacement | C5: Heures cédées | D5: Total saison effectuées | E5: Total saison cédées
A6: =IF(Listes!A2="","",Listes!A2) -> Yassine | B6: =IF($A6="","",SUMIFS(Remplacements!$C$6:$C$255,Remplacements!$E$6:$E$255,$A6,Remplacements!$G$6:$G$255,$B$3)) -> 0 | C6: =IF($A6="","",SUMIFS(Remplacements!$C$6:$C$255,Remplacements!$D$6:$D$255,$A6,Remplacements!$G$6:$G$255,$B$3)) -> 0 | D6: =IF($A6="","",SUMIF(Remplacements!$E$6:$E$255,$A6,Remplacements!$C$6:$C$255)) -> 0 | E6: =IF($A6="","",SUMIF(Remplacements!$D$6:$D$255,$A6,Remplacements!$C$6:$C$255)) -> 0
A7: =IF(Listes!A3="","",Listes!A3) -> Elias | B7: =IF($A7="","",SUMIFS(Remplacements!$C$6:$C$255,Remplacements!$E$6:$E$255,$A7,Remplacements!$G$6:$G$255,$B$3)) -> 0 | C7: =IF($A7="","",SUMIFS(Remplacements!$C$6:$C$255,Remplacements!$D$6:$D$255,$A7,Remplacements!$G$6:$G$255,$B$3)) -> 0 | D7: =IF($A7="","",SUMIF(Remplacements!$E$6:$E$255,$A7,Remplacements!$C$6:$C$255)) -> 0 | E7: =IF($A7="","",SUMIF(Remplacements!$D$6:$D$255,$A7,Remplacements!$C$6:$C$255)) -> 0
A8: =IF(Listes!A4="","",Listes!A4) -> Taha | B8: =IF($A8="","",SUMIFS(Remplacements!$C$6:$C$255,Remplacements!$E$6:$E$255,$A8,Remplacements!$G$6:$G$255,$B$3)) -> 0 | C8: =IF($A8="","",SUMIFS(Remplacements!$C$6:$C$255,Remplacements!$D$6:$D$255,$A8,Remplacements!$G$6:$G$255,$B$3)) -> 0 | D8: =IF($A8="","",SUMIF(Remplacements!$E$6:$E$255,$A8,Remplacements!$C$6:$C$255)) -> 0 | E8: =IF($A8="","",SUMIF(Remplacements!$D$6:$D$255,$A8,Remplacements!$C$6:$C$255)) -> 0
A9: =IF(Listes!A5="","",Listes!A5) -> Julien | B9: =IF($A9="","",SUMIFS(Remplacements!$C$6:$C$255,Remplacements!$E$6:$E$255,$A9,Remplacements!$G$6:$G$255,$B$3)) -> 0 | C9: =IF($A9="","",SUMIFS(Remplacements!$C$6:$C$255,Remplacements!$D$6:$D$255,$A9,Remplacements!$G$6:$G$255,$B$3)) -> 0 | D9: =IF($A9="","",SUMIF(Remplacements!$E$6:$E$255,$A9,Remplacements!$C$6:$C$255)) -> 0 | E9: =IF($A9="","",SUMIF(Remplacements!$D$6:$D$255,$A9,Remplacements!$C$6:$C$255)) -> 0
A10: =IF(Listes!A6="","",Listes!A6) -> Mario | B10: =IF($A10="","",SUMIFS(Remplacements!$C$6:$C$255,Remplacements!$E$6:$E$255,$A10,Remplacements!$G$6:$G$255,$B$3)) -> 0 | C10: =IF($A10="","",SUMIFS(Remplacements!$C$6:$C$255,Remplacements!$D$6:$D$255,$A10,Remplacements!$G$6:$G$255,$B$3)) -> 0 | D10: =IF($A10="","",SUMIF(Remplacements!$E$6:$E$255,$A10,Remplacements!$C$6:$C$255)) -> 0 | E10: =IF($A10="","",SUMIF(Remplacements!$D$6:$D$255,$A10,Remplacements!$C$6:$C$255)) -> 0
A11: =IF(Listes!A7="","",Listes!A7) -> Thibault | B11: =IF($A11="","",SUMIFS(Remplacements!$C$6:$C$255,Remplacements!$E$6:$E$255,$A11,Remplacements!$G$6:$G$255,$B$3)) -> 0 | C11: =IF($A11="","",SUMIFS(Remplacements!$C$6:$C$255,Remplacements!$D$6:$D$255,$A11,Remplacements!$G$6:$G$255,$B$3)) -> 0 | D11: =IF($A11="","",SUMIF(Remplacements!$E$6:$E$255,$A11,Remplacements!$C$6:$C$255)) -> 0 | E11: =IF($A11="","",SUMIF(Remplacements!$D$6:$D$255,$A11,Remplacements!$C$6:$C$255)) -> 0
A12: =IF(Listes!A8="","",Listes!A8) -> Philippe | B12: =IF($A12="","",SUMIFS(Remplacements!$C$6:$C$255,Remplacements!$E$6:$E$255,$A12,Remplacements!$G$6:$G$255,$B$3)) -> 0 | C12: =IF($A12="","",SUMIFS(Remplacements!$C$6:$C$255,Remplacements!$D$6:$D$255,$A12,Remplacements!$G$6:$G$255,$B$3)) -> 0 | D12: =IF($A12="","",SUMIF(Remplacements!$E$6:$E$255,$A12,Remplacements!$C$6:$C$255)) -> 0 | E12: =IF($A12="","",SUMIF(Remplacements!$D$6:$D$255,$A12,Remplacements!$C$6:$C$255)) -> 0
A13: =IF(Listes!A9="","",Listes!A9) -> Adel | B13: =IF($A13="","",SUMIFS(Remplacements!$C$6:$C$255,Remplacements!$E$6:$E$255,$A13,Remplacements!$G$6:$G$255,$B$3)) -> 0 | C13: =IF($A13="","",SUMIFS(Remplacements!$C$6:$C$255,Remplacements!$D$6:$D$255,$A13,Remplacements!$G$6:$G$255,$B$3)) -> 0 | D13: =IF($A13="","",SUMIF(Remplacements!$E$6:$E$255,$A13,Remplacements!$C$6:$C$255)) -> 0 | E13: =IF($A13="","",SUMIF(Remplacements!$D$6:$D$255,$A13,Remplacements!$C$6:$C$255)) -> 0
A14: =IF(Listes!A10="","",Listes!A10) -> Alpaslan | B14: =IF($A14="","",SUMIFS(Remplacements!$C$6:$C$255,Remplacements!$E$6:$E$255,$A14,Remplacements!$G$6:$G$255,$B$3)) -> 0 | C14: =IF($A14="","",SUMIFS(Remplacements!$C$6:$C$255,Remplacements!$D$6:$D$255,$A14,Remplacements!$G$6:$G$255,$B$3)) -> 0 | D14: =IF($A14="","",SUMIF(Remplacements!$E$6:$E$255,$A14,Remplacements!$C$6:$C$255)) -> 0 | E14: =IF($A14="","",SUMIF(Remplacements!$D$6:$D$255,$A14,Remplacements!$C$6:$C$255)) -> 0
A15: =IF(Listes!A11="","",Listes!A11) -> Armelle | B15: =IF($A15="","",SUMIFS(Remplacements!$C$6:$C$255,Remplacements!$E$6:$E$255,$A15,Remplacements!$G$6:$G$255,$B$3)) -> 0 | C15: =IF($A15="","",SUMIFS(Remplacements!$C$6:$C$255,Remplacements!$D$6:$D$255,$A15,Remplacements!$G$6:$G$255,$B$3)) -> 0 | D15: =IF($A15="","",SUMIF(Remplacements!$E$6:$E$255,$A15,Remplacements!$C$6:$C$255)) -> 0 | E15: =IF($A15="","",SUMIF(Remplacements!$D$6:$D$255,$A15,Remplacements!$C$6:$C$255)) -> 0
A16: =IF(Listes!A12="","",Listes!A12) -> Celia | B16: =IF($A16="","",SUMIFS(Remplacements!$C$6:$C$255,Remplacements!$E$6:$E$255,$A16,Remplacements!$G$6:$G$255,$B$3)) -> 0 | C16: =IF($A16="","",SUMIFS(Remplacements!$C$6:$C$255,Remplacements!$D$6:$D$255,$A16,Remplacements!$G$6:$G$255,$B$3)) -> 0 | D16: =IF($A16="","",SUMIF(Remplacements!$E$6:$E$255,$A16,Remplacements!$C$6:$C$255)) -> 0 | E16: =IF($A16="","",SUMIF(Remplacements!$D$6:$D$255,$A16,Remplacements!$C$6:$C$255)) -> 0
A17: =IF(Listes!A13="","",Listes!A13) -> Clément | B17: =IF($A17="","",SUMIFS(Remplacements!$C$6:$C$255,Remplacements!$E$6:$E$255,$A17,Remplacements!$G$6:$G$255,$B$3)) -> 0 | C17: =IF($A17="","",SUMIFS(Remplacements!$C$6:$C$255,Remplacements!$D$6:$D$255,$A17,Remplacements!$G$6:$G$255,$B$3)) -> 0 | D17: =IF($A17="","",SUMIF(Remplacements!$E$6:$E$255,$A17,Remplacements!$C$6:$C$255)) -> 0 | E17: =IF($A17="","",SUMIF(Remplacements!$D$6:$D$255,$A17,Remplacements!$C$6:$C$255)) -> 0
... A55: =IF(Listes!A51="","",Listes!A51) | B55: =IF($A55="","",SUMIFS(Remplacements!$C$6:$C$255,Remplacements!$E$6:$E$255,$A55,Remplacements!$G$6:$G$255,$B$3)) | C55: =IF($A55="","",SUMIFS(Remplacements!$C$6:$C$255,Remplacements!$D$6:$D$255,$A55,Remplacements!$G$6:$G$255,$B$3)) | D55: =IF($A55="","",SUMIF(Remplacements!$E$6:$E$255,$A55,Remplacements!$C$6:$C$255)) | E55: =IF($A55="","",SUMIF(Remplacements!$D$6:$D$255,$A55,Remplacements!$C$6:$C$255))
A57: TOTAL | B57: =SUM(B6:B56) -> 0 | C57: =SUM(C6:C56) -> 0 | D57: =SUM(D6:D56) -> 0 | E57: =SUM(E6:E56) -> 0
A59: Au contrôle des factures du mois : les heures « effectuées » doivent se retrouver sur la facture du remplaçant, et les heures « cédées » doivent être absentes de celle du moniteur remplacé.

Sheet Listes
A1: Moniteurs | B1: Motifs | C1: Mois | D1: Validé
A2: Yassine | B2: Vacances | C2: Janvier | D2: Oui
A3: Elias | B3: Maladie | C3: Février | D3: Non
A4: Taha | B4: Formation | C4: Mars
A5: Julien | B5: Compétition | C5: Avril
A6: Mario | B6: Autre | C6: Mai
A7: Thibault | C7: Juin
A8: Philippe | C8: Juillet
A9: Adel | C9: Août
A10: Alpaslan | C10: Septembre
A11: Armelle | C11: Octobre
A12: Celia | C12: Novembre
A13: Clément | C13: Décembre
A14: Fred
A15: Guillaume
A16: Jad
A17: Jérémie
A18: Loïc
A19: Morad
A20: Pascal
A21: Thibaut
A22: Xavier
A23: Zeliha
A24: Camelia
A54: Ajoutez ici les moniteurs de la saison : ils apparaîtront automatiquement dans les menus déroulants et dans le récapitulatif. Les mois sont dans l’ordre du calendrier, ne les déplacez pas.
